Yorke,yjoplin0@cpanel.net,Male
Alfy,ashearston1@vinaora.com,Female
Klemens,kgodball2@naver.com,Male
Minta,mdudderidge3@hugedomains.com,Female
Dugald,dlowrey4@pbs.org,Male
Tasia,tpietrasik5@unc.edu,Female
Glad,ggallahue6@telegraph.co.uk,Female
Alfonso,aprescot7@uol.com.br,Male
Garland,gbogays8@statcounter.com,Female
Cathyleen,csagg9@technorati.com,Female
Justinn,jstanyfortha@ehow.com,Female
Rhodia,rhobbleb@microsoft.com,Female
Brig,bbeamsc@census.gov,Male
Rahel,rganniclifftd@census.gov,Female
Ninon,nhonacke@uiuc.edu,Female
Effie,eannisf@cnn.com,Female
Eben,ekordtg@timesonline.co.uk,Male
Neile,ngathh@smh.com.au,Female
Benn,bandreonei@wordpress.com,Male
Fara,fbarochj@eepurl.com,Female
Francyne,flanghamk@istockphoto.com,Female
Hank,hshirdl@ca.gov,Male
Catrina,cdelepinem@reuters.com,Female
Holly,hcristoun@amazon.com,Male
Maurizia,mboldrao@businessweek.com,Female
Yurik,yreubenp@aboutads.info,Male
Hobart,hdickingsq@timesonline.co.uk,Male
Harry,hfaichnier@latimes.com,Male
Muire,mcrucess@cnet.com,Female
Sula,senderleint@360.cn,Female
Timofei,tcampanelliu@china.com.cn,Male
Erda,ebatrimv@ycombinator.com,Female
Marwin,mdziwiszw@slideshare.net,Male
Cissy,cgrassotx@npr.org,Female
Godfry,gclimary@kickstarter.com,Male
Walliw,wleucharsz@bloomberg.com,Female
Milt,mpaulig10@blogs.com,Male
Alexandr,acookes11@newyorker.com,Male
Lenard,lfreestone12@washington.edu,Male
Kakalina,kyeo13@gov.uk,Female
Candace,cdufaur14@independent.co.uk,Female
Ros,rrachuig15@prlog.org,Female
Nichole,nechalie16@printfriendly.com,Male
Hinze,hrobison17@cbsnews.com,Male
Reinold,rdonke18@uiuc.edu,Male
Ola,ofend19@qq.com,Female
Miguelita,mmarkos1a@berkeley.edu,Female
Lamont,lscolland1b@blog.com,Male
Dieter,dqueenborough1c@dell.com,Male
Ely,emcdermid1d@squarespace.com,Male
Eulalie,eblamey1e@phoca.cz,Female
Marten,mdelaci1f@gizmodo.com,Male
Letisha,ldaville1g@si.edu,Female
Valene,vhurrell1h@huffingtonpost.com,Female
Wright,wharrowell1i@omniture.com,Male
Findley,fwolfenden1j@nhs.uk,Male
Stirling,sellor1k@tripod.com,Male
Arnuad,apietzker1l@is.gd,Male
Bendick,bscahill1m@people.com.cn,Male
Stoddard,stomlinson1n@desdev.cn,Female
Ingamar,ipoveleye1o@nhs.uk,Male
Asa,atigner1p@histats.com,Male
Germain,gville1q@foxnews.com,Male
Babbette,bilyinski1r@wired.com,Female
Quint,qmeardon1s@creativecommons.org,Male
Lyndel,lormes1t@odnoklassniki.ru,Female
Damian,ddann1u@zimbio.com,Male
Ursola,usmoughton1v@ameblo.jp,Female
Valry,vjugging1w@amazon.com,Female
Matt,mroscam1x@mail.ru,Male
Whitney,wbumford1y@acquirethisname.com,Female
Jerrold,jludgrove1z@quantcast.com,Male
Margot,mrafe20@t.co,Female
Sharyl,smonro21@foxnews.com,Female
Rosetta,rbelchamp22@google.es,Female
Nickola,npithie23@vistaprint.com,Male
Seward,stebbutt24@unc.edu,Male
Sallyann,salgie25@engadget.com,Female
Alys,ahazeman26@phpbb.com,Female
Evangelina,eschutte27@xinhuanet.com,Female
Andie,akibble28@google.fr,Female
Neil,nskitral29@opera.com,Male
Lana,lmitchel2a@census.gov,Female
Gery,gjacketts2b@php.net,Male
Khalil,kbidgood2c@arstechnica.com,Male
Ferrel,fhylton2d@newsvine.com,Male
Elwira,ewatkiss2e@comcast.net,Female
Abdul,acavolini2f@netscape.com,Male
Wynn,wseymour2g@youku.com,Male
Gwenette,gwraight2h@soup.io,Female
Win,wrichardson2i@goo.gl,Male
Emelita,epeyto2j@unesco.org,Female
Kirsten,kspur2k@mysql.com,Female
Querida,qdupree2l@ed.gov,Female
Amalita,amolnar2m@theatlantic.com,Female
Ronald,rdarington2n@goo.ne.jp,Male
Anastasia,arenny2o@shinystat.com,Female
Kellby,kpoat2p@pbs.org,Male
Haskell,hkellick2q@vkontakte.ru,Male
Johnath,jgoding2r@washingtonpost.com,Female
Ulises,usemered2s@ovh.net,Male
Parker,pwhiten2t@howstuffworks.com,Male
Thaine,thinckes2u@comcast.net,Male
Whit,wfolkes2v@ftc.gov,Male
Zarah,zlang2w@bbb.org,Female
Lincoln,lmowsdale2x@umich.edu,Male
Genovera,geivers2y@tinypic.com,Female
Wynn,wholmes2z@cocolog-nifty.com,Female
Willis,wternault30@nasa.gov,Male
Ingaborg,ikaesmakers31@phpbb.com,Female
Pen,pkingswood32@arizona.edu,Male
Doug,dnoye33@indiatimes.com,Male
Berne,bpaulley34@mapquest.com,Male
Cirilo,cfirminger35@merriam-webster.com,Male
Franciskus,fmccrie36@pen.io,Male
Claudette,ctwittey37@senate.gov,Female
Bentlee,bbushel38@tripod.com,Male
Gibby,gbrunner39@aboutads.info,Male
Elia,emicklem3a@sakura.ne.jp,Male
Barbabas,bmallabone3b@wikispaces.com,Male
Barde,blorkings3c@globo.com,Male
Belia,bollive3d@zimbio.com,Female
Cass,cpantridge3e@samsung.com,Female
Ashlin,aapted3f@smh.com.au,Male
Aryn,avanross3g@purevolume.com,Female
Curry,ckochlin3h@domainmarket.com,Male
Suzie,spadly3i@friendfeed.com,Female
Grant,galenichicov3j@mayoclinic.com,Male
Edd,emccraw3k@ihg.com,Male
Constantine,czouch3l@pinterest.com,Female
Sibley,smordey3m@reuters.com,Female
Kerwinn,kmonck3n@hugedomains.com,Male
Durant,dlemonby3o@shutterfly.com,Male
Hyacinthie,hcamellini3p@ox.ac.uk,Female
Granthem,gtankard3q@ted.com,Male
Padget,pbridges3r@engadget.com,Male
Aridatha,agrund3s@creativecommons.org,Female
Brenda,bwilcot3t@boston.com,Female
Bartram,bvancassel3u@nature.com,Male
Ulrick,udebrick3v@goo.gl,Male
Tobye,tbraben3w@tamu.edu,Female
Joni,jmenhenitt3x@usatoday.com,Female
Garwin,gducham3y@howstuffworks.com,Male
Romain,rtulloch3z@techcrunch.com,Male
Haley,hrowlin40@baidu.com,Male
Martin,mgilhooley41@buzzfeed.com,Male
Marten,mboniface42@friendfeed.com,Male
Pierre,pmcgawn43@arstechnica.com,Male
Anjanette,atedstone44@nba.com,Female
Lamar,lricciardi45@spotify.com,Male
Inessa,iarsnell46@privacy.gov.au,Female
Alasdair,ahugonnet47@wikimedia.org,Male
Marcille,mmorena48@ehow.com,Female
Shellysheldon,slantuff49@sfgate.com,Male
Maude,msyson4a@nhs.uk,Female
Irina,icheson4b@unesco.org,Female
Nikolai,ntessington4c@youtu.be,Male
Kelley,kerdely4d@skype.com,Male
Christos,cgipps4e@topsy.com,Male
Zane,zlibby4f@gravatar.com,Male
Elvera,epeaple4g@newyorker.com,Female
Cart,cbechley4h@sourceforge.net,Male
Marijn,mwyburn4i@studiopress.com,Male
Lawry,lserjeantson4j@mozilla.com,Male
Norene,neakins4k@eepurl.com,Female
Sukey,strulock4l@comcast.net,Female
Charity,cspaxman4m@squidoo.com,Female
Lucille,llarmor4n@rambler.ru,Female
Silvan,shearle4o@flavors.me,Male
Phillip,pstilling4p@flickr.com,Male
Susan,sbowller4q@behance.net,Female
Ruy,rclimson4r@archive.org,Male
Anne,acerro4s@yelp.com,Female
Lexie,legan4t@google.co.uk,Female
Alejandra,awatmore4u@youtu.be,Female
Lizette,lcowdery4v@illinois.edu,Female
Linn,lkorb4w@arizona.edu,Male
Rebekkah,rygou4x@wiley.com,Female
Grethel,gacom4y@bbc.co.uk,Female
Gilli,gyouens4z@netscape.com,Female
Odilia,obernadon50@parallels.com,Female
Abner,adeathridge51@theguardian.com,Male
Adrian,ajori52@hatena.ne.jp,Male
Gelya,gleon53@privacy.gov.au,Female
Abbott,adibiasio54@gravatar.com,Male
Trefor,tjarad55@apple.com,Male
Welbie,wdenge56@1688.com,Male
Nara,nkarlqvist57@techcrunch.com,Female
Lorrie,lfuster58@msu.edu,Male
Val,vcornelisse59@angelfire.com,Male
Veronica,vgodly5a@google.nl,Female
Huntlee,hdecort5b@discovery.com,Male
Maximilianus,mstockall5c@youtu.be,Male
Merrill,mmattiello5d@ucsd.edu,Female
Celie,cziems5e@kickstarter.com,Female
Calla,clestrange5f@example.com,Female
Dillie,dbaytrop5g@blogspot.com,Male
Allis,abasketfield5h@intel.com,Female
Cosette,cnicolson5i@goo.ne.jp,Female
Sherline,sstoodley5j@mlb.com,Female
Kimberlyn,kdownham5k@wikipedia.org,Female
Lenci,lkennington5l@i2i.jp,Male
Gretchen,glayfield5m@purevolume.com,Female
Otto,okeary5n@apple.com,Male
Teriann,tprescote5o@sohu.com,Female
Chrissy,cknobell5p@guardian.co.uk,Male
Lazar,lnovill5q@opensource.org,Male
Noam,nrentenbeck5r@google.co.jp,Male
Tate,tbouchier5s@comcast.net,Male
Peadar,pstrotton5t@google.de,Male
Anna,apinching5u@netlog.com,Female
Linzy,lcalcutt5v@kickstarter.com,Female
Herrick,hdyshart5w@google.com.hk,Male
Abey,aburdass5x@nationalgeographic.com,Male
Jessy,jsneller5y@yellowpages.com,Female
Ravid,rwhiteley5z@tumblr.com,Male
Diana,dcockayme60@cbslocal.com,Female
Raynell,rdodshun61@a8.net,Female
Demetra,dstenhouse62@geocities.com,Female
Roman,rtarren63@sbwire.com,Male
Nefen,npichan64@blogger.com,Male
Marris,mcoupar65@hhs.gov,Female
Bryce,bpostan66@hatena.ne.jp,Male
Austin,aocorrane67@angelfire.com,Male
Neils,nmilbourn68@blogtalkradio.com,Male
Myriam,mcasero69@economist.com,Female
Thatch,tcadell6a@surveymonkey.com,Male
Iggie,isappson6b@archive.org,Male
Laurene,lsmalley6c@cmu.edu,Female
Sansone,sdrohun6d@amazonaws.com,Male
Benny,bludmann6e@mysql.com,Male
Kaiser,kheinsius6f@networksolutions.com,Male
Beauregard,bportman6g@elegantthemes.com,Male
Hallsy,henstone6h@google.it,Male
Amalle,apattle6i@japanpost.jp,Female
Lonnard,ldigan6j@rediff.com,Male
Jeddy,jguirau6k@pen.io,Male
Quintina,qlimbrick6l@usatoday.com,Female
Page,pchaters6m@oaic.gov.au,Female
Suzanna,samiss6n@geocities.com,Female
Ernestine,ekubyszek6o@harvard.edu,Female
Chlo,clambole6p@free.fr,Female
Ulises,uaiskovitch6q@ebay.co.uk,Male
Jedidiah,jpeeters6r@eventbrite.com,Male
Si,smcallaster6s@mozilla.com,Male
Alick,achaulk6t@boston.com,Male
Kevon,kwestby6u@google.it,Male
Isa,ipedracci6v@livejournal.com,Male
Stu,smudd6w@ucoz.com,Male
Nester,nmcgourty6x@si.edu,Male
Susanetta,shamill6y@stanford.edu,Female
Clyve,csaffe6z@ning.com,Male
Tailor,thalden70@wikia.com,Male
Olva,ostickland71@psu.edu,Female
Seline,scrickmoor72@exblog.jp,Female
Marlane,mmcandie73@stanford.edu,Female
Onofredo,ooakeshott74@salon.com,Male
Megan,mplumbley75@blogs.com,Female
Claudina,cmcturk76@whitehouse.gov,Female
Gui,gpieters77@comcast.net,Female
Dari,depgrave78@delicious.com,Female
Ezra,eidwalevans79@nbcnews.com,Male
Wendell,wazema7a@cafepress.com,Male
Smith,sciccotto7b@walmart.com,Male
Dewey,dmckaile7c@ft.com,Male
Datha,droyston7d@thetimes.co.uk,Female
Deedee,dshillingford7e@bravesites.com,Female
Jacynth,jmacoun7f@reverbnation.com,Female
Hortensia,hstelljes7g@hc360.com,Female
Kameko,krawlins7h@imageshack.us,Female
Chet,cbrinkler7i@multiply.com,Male
Dynah,dwhapple7j@businessinsider.com,Female
Shay,singles7k@tiny.cc,Male
Valida,vdundin7l@furl.net,Female
Joyan,jbragger7m@thetimes.co.uk,Female
Carolynn,cmecco7n@fda.gov,Female
Fonzie,fgadsden7o@dell.com,Male
Maridel,melphey7p@unicef.org,Female
Pooh,pklossek7q@ed.gov,Male
Kriste,kheinig7r@sitemeter.com,Female
Chloette,cheeps7s@ftc.gov,Female
Lisle,lcaws7t@ehow.com,Male
Bradford,bchritchlow7u@jiathis.com,Male
Currie,ceaden7v@amazon.com,Male
Lise,lrosenblad7w@a8.net,Female
Estevan,ehicklingbottom7x@woothemes.com,Male
Leticia,lburk7y@google.de,Female
Joanie,jregan7z@shutterfly.com,Female
Ilene,istrowan80@ox.ac.uk,Female
Powell,pjorat81@infoseek.co.jp,Male
Reynold,rtroutbeck82@stanford.edu,Male
Michael,mgilmartin83@buzzfeed.com,Male
Cirilo,cbarras84@mapquest.com,Male
Sabrina,smcterry85@opensource.org,Female
Georgie,gpitkeathley86@ycombinator.com,Male
Karee,kfine87@army.mil,Female
Tabbie,tstrelitzer88@zimbio.com,Male
Ulberto,udenniss89@example.com,Male
Esmeralda,estapleton8a@wordpress.com,Female
Dorothea,dguitt8b@nifty.com,Female
Donica,dfandrey8c@blogger.com,Female
Kermit,kduffer8d@wufoo.com,Male
Coralyn,ccano8e@virginia.edu,Female
Elyssa,ehawkswood8f@hc360.com,Female
Ame,acosley8g@narod.ru,Female
Ricki,rbagshawe8h@home.pl,Female
Cookie,churtado8i@cbc.ca,Female
Madelaine,mdottrell8j@aol.com,Female
Cordy,cmanuello8k@networkadvertising.org,Male
Shermie,sspringall8l@chron.com,Male
Lind,leccles8m@cyberchimps.com,Female
Sebastien,sfincher8n@liveinternet.ru,Male
Florentia,fmelmoth8o@last.fm,Female
Rhianon,rcahn8p@va.gov,Female
Guinevere,gdobinson8q@house.gov,Female
Noelyn,nalenikov8r@about.com,Female
Tore,tpedrazzi8s@princeton.edu,Male
Katerine,kburner8t@i2i.jp,Female
Ber,btudor8u@mysql.com,Male
Missy,mhaffard8v@pen.io,Female
Linn,lbanfill8w@spiegel.de,Male
Andie,aaphale8x@google.pl,Female
Weber,wengelmann8y@blogger.com,Male
Kristan,kshedden8z@ehow.com,Female
Rick,rricards90@forbes.com,Male
Patrice,pzanassi91@php.net,Male
Shirleen,smaruska92@globo.com,Female
Carlynne,cleblanc93@princeton.edu,Female
Ferdie,fterrelly94@sohu.com,Male
Lazare,lodwyer95@acquirethisname.com,Male
Mindy,mpfeffer96@nyu.edu,Female
Roarke,rarson97@nsw.gov.au,Male
Pren,pdanilevich98@topsy.com,Male
Hallie,htynemouth99@whitehouse.gov,Female
Mahala,mhalfacree9a@altervista.org,Female
Jere,jcornfoot9b@tmall.com,Male
Garvey,gberre9c@twitter.com,Male
Anthony,aevison9d@ucoz.ru,Male
Drugi,dfearns9e@mashable.com,Male
Spence,sziems9f@google.com.hk,Male
Florian,flattimer9g@naver.com,Male
Brenden,blafay9h@unicef.org,Male
Cleve,cwasmer9i@ifeng.com,Male
Xylia,xshrubshall9j@hp.com,Female
Abraham,adowney9k@smugmug.com,Male
Jethro,jrosen9l@twitter.com,Male
Julian,johenecan9m@unesco.org,Male
Alexei,aleonarde9n@lulu.com,Male
Basilio,bsibyllina9o@ibm.com,Male
Kendal,kboldry9p@netlog.com,Male
Modestia,moneal9q@zdnet.com,Female
Herschel,hbenjamin9r@hugedomains.com,Male
Grethel,gcamolli9s@delicious.com,Female
Meara,mwestphalen9t@51.la,Female
Palmer,pmcilherran9u@telegraph.co.uk,Male
Tomi,thellyar9v@apache.org,Female
Goddard,ghoffner9w@yahoo.com,Male
Gay,ghuelin9x@miitbeian.gov.cn,Male
Zara,zpaulsen9y@vistaprint.com,Female
Zeke,zrabbage9z@creativecommons.org,Male
Obed,owoodcrofta0@washington.edu,Male
Cass,cjorioa1@unicef.org,Male
Mycah,mraisea2@samsung.com,Male
Gilles,ggricewooda3@spotify.com,Male
Ludovika,lmcgebenaya4@dion.ne.jp,Female
Kristoforo,kdunkertona5@washingtonpost.com,Male
Elli,ewoolmorea6@people.com.cn,Female
La verne,lbutta7@google.co.jp,Female
Cash,cwickratha8@japanpost.jp,Male
Vickie,vcallana9@telegraph.co.uk,Female
Carolann,ckivelleaa@baidu.com,Female
Vonni,vgoodbyab@sfgate.com,Female
Giorgia,gfrithac@paypal.com,Female
Dall,dcampkinad@hp.com,Male
Harbert,hnoadesae@elegantthemes.com,Male
Bennie,bdelacosteaf@woothemes.com,Male
Olwen,okaplinag@zdnet.com,Female
Griffy,gdykinsah@51.la,Male
Maximilianus,menglishai@netlog.com,Male
Rheba,rgrimblebyaj@github.io,Female
Saw,ssimonettoak@163.com,Male
Shayne,ssweetnamal@github.io,Male
Kellyann,kgrishinovam@slate.com,Female
Leighton,lbaxstairan@wp.com,Male
Denis,dlokierao@dropbox.com,Male
Babita,bfrostickap@pen.io,Female
Currey,ckyrkemanaq@cam.ac.uk,Male
Alisha,amounfieldar@kickstarter.com,Female
Julienne,jluckieas@bandcamp.com,Female
Eddy,elefriecat@1688.com,Female
Ora,oferriniau@mac.com,Female
Lyn,lhamblingav@alibaba.com,Male
Fern,femlynaw@taobao.com,Female
Danielle,dtremouilleax@unc.edu,Female
Lorrie,leldreday@ow.ly,Male
Forster,fmarplesaz@gnu.org,Male
Carlo,cdominiqueb0@topsy.com,Male
Louis,lbamlingb1@bizjournals.com,Male
Obadias,ocheesleyb2@columbia.edu,Male
Laetitia,ltorrib3@google.co.jp,Female
Tuck,tbickertonb4@last.fm,Male
Ofelia,odockwrayb5@cam.ac.uk,Female
Sophronia,speakerb6@sohu.com,Female
Birk,balekhovb7@sohu.com,Male
Donetta,ddumbltonb8@networksolutions.com,Female
Obadiah,ojeffordb9@naver.com,Male
Kippie,kwittba@mayoclinic.com,Male
Zorina,zgullyesbb@t.co,Female
Gavan,gwalheddbc@blogtalkradio.com,Male
Fleming,felingtonbd@nyu.edu,Male
Beitris,bshimukbe@myspace.com,Female
Yancy,ylittlejohnsbf@hugedomains.com,Male
Nikolai,nrousbg@about.me,Male
Devina,dclappisonbh@globo.com,Female
Gradey,gthireaubi@intel.com,Male
Barclay,bpaffittbj@usnews.com,Male
Vera,vgregorybk@forbes.com,Female
Whittaker,wbarfootbl@scribd.com,Male
Alameda,akwietekbm@reference.com,Female
Bert,bblightbn@myspace.com,Male
Mahmud,mreaveybo@sourceforge.net,Male
Amalee,amenguebp@nasa.gov,Female
Nico,njehaesbq@zimbio.com,Male
Tate,tnuttbr@stanford.edu,Female
Creight,cbrewettbs@cyberchimps.com,Male
Kevon,kkalfbt@eventbrite.com,Male
Richy,rdoddingbu@amazon.co.jp,Male
Veronika,vkehirbv@scientificamerican.com,Female
Saree,sbillanybw@amazon.de,Female
Gaven,greadheadbx@usgs.gov,Male
Corene,crimmerby@bluehost.com,Female
Eimile,etonsleybz@gov.uk,Female
Aldin,acorneillec0@google.cn,Male
Blake,balchinc1@myspace.com,Female
Kareem,kforryanc2@example.com,Male
Carson,cmcshiriec3@360.cn,Male
Kenneth,kloveridgec4@telegraph.co.uk,Male
Alair,abrownsettc5@stanford.edu,Male
Deeyn,dhurdc6@wired.com,Female
Norri,nmetsonc7@mtv.com,Female
Karylin,kpharaohc8@businesswire.com,Female
Mollie,mkingstonc9@mysql.com,Female
Freddy,fredholesca@discovery.com,Female
Gaby,ggreschcb@bandcamp.com,Male
Willi,wkivelhancc@biglobe.ne.jp,Male
Rayner,rmablesoncd@biblegateway.com,Male
Jaynell,joldacrece@smugmug.com,Female
Adria,arandcf@unc.edu,Female
Barr,bokeshottcg@blinklist.com,Male
Ingaberg,idecavillech@paginegialle.it,Female
Nonnah,nyeamanci@edublogs.org,Female
Megan,mkellittcj@netscape.com,Female
Sharyl,scornewellck@narod.ru,Female
Cristin,crosebycl@hugedomains.com,Female
Caty,crabbetcm@pcworld.com,Female
Alvina,amalancn@360.cn,Female
Jerrine,jmeinekingco@networkadvertising.org,Female
Bordie,bcurmcp@google.ru,Male
Trixi,tlinwoodcq@moonfruit.com,Female
Odilia,olaughtoncr@google.com.hk,Female
Lissa,lbranigancs@china.com.cn,Female
Adelheid,amathonct@freewebs.com,Female
Drugi,dgabbattcu@oracle.com,Male
Rianon,ralabastercv@example.com,Female
Carmelle,ccrappercw@eventbrite.com,Female
Wilden,wcardnocx@dot.gov,Male
Valencia,vberingercy@dailymail.co.uk,Female
Van,vfosseycz@photobucket.com,Female
Allan,aebbersd0@hao123.com,Male
Dolli,dbettaneyd1@uol.com.br,Female
Orin,olindenstraussd2@google.com.au,Male
Marisa,mrisbroughd3@last.fm,Female
Gill,gmoard4@purevolume.com,Male
Karylin,kcatheralld5@google.pl,Female
Hernando,hjolleyd6@wiley.com,Male
Karoline,kpinkettd7@ted.com,Female
Guilbert,gmaryetd8@tmall.com,Male
Terrel,thartd9@theatlantic.com,Male
Dorothy,dnaresda@ucoz.com,Female
Odie,oborgnetdb@devhub.com,Male
Der,dcoultousdc@dropbox.com,Male
Danette,dnoblesdd@theglobeandmail.com,Female
Dniren,dstpierrede@i2i.jp,Female
Thaddus,tsmithersdf@ox.ac.uk,Male
Tobias,troxbydg@jigsy.com,Male
Rennie,rmoulsdaledh@wired.com,Female
Ainslee,avanyukhindi@washingtonpost.com,Female
Shandy,scattermoledj@imageshack.us,Female
Cazzie,cadamovitchdk@trellian.com,Male
Barry,bdodsdl@mozilla.org,Female
Foss,fboulderdm@hugedomains.com,Male
Tynan,tchettledn@bbc.co.uk,Male
Gabie,gwellanddo@diigo.com,Female
Loralie,lrobelindp@whitehouse.gov,Female
Harley,hgarfitdq@ameblo.jp,Male
Dolph,dlivingstondr@so-net.ne.jp,Male
Franciska,fwaceds@businessweek.com,Female
Ashby,aarmatidgedt@weibo.com,Male
Zuzana,zellowaydu@i2i.jp,Female
Urban,uletterickdv@cbsnews.com,Male
Pauletta,pwiddisondw@webs.com,Female
Hobey,hlettingtondx@ft.com,Male
Nevsa,nmacwilliamdy@sogou.com,Female
Lennie,lflaundersdz@pagesperso-orange.fr,Male
Jacintha,jbarstocke0@meetup.com,Female
Myles,mlievesleye1@oracle.com,Male
Jobi,jghionie2@mlb.com,Female
Michal,mtumilitye3@quantcast.com,Female
Roscoe,rbeazere4@tumblr.com,Male
Christoper,ctempertone5@histats.com,Male
Dorothy,dbowyere6@hud.gov,Female
Bibi,bbringloee7@reddit.com,Female
Gleda,gkettleye8@myspace.com,Female
Kory,kfrakee9@state.gov,Male
Anders,afianderea@xing.com,Male
Wilfred,wfratczakeb@tamu.edu,Male
Leonerd,ljimpsonec@boston.com,Male
Emiline,ecorneliused@jigsy.com,Female
Gunner,gborkinee@nationalgeographic.com,Male
Nickolas,ncopleyef@hexun.com,Male
Alvan,amciloryeg@about.com,Male
Orson,oleasoreh@gov.uk,Male
Jacquelin,jgwinei@imdb.com,Female
Sherlocke,sharcusej@opera.com,Male
Joseph,jlawrenceek@bbc.co.uk,Male
Fallon,fmannockel@reference.com,Female
Maressa,mstruanem@liveinternet.ru,Female
Leese,lmallindineen@mapquest.com,Female
Manon,mvicaryeo@edublogs.org,Female
Zerk,zdelabarreep@ibm.com,Male
Hermia,hculloneq@uiuc.edu,Female
Morgana,mbeardsworther@webnode.com,Female
Jason,jstanbridgees@twitter.com,Male
Starr,smintonet@skype.com,Female
Homere,hrosenkrantzeu@cnet.com,Male
Gray,gburgisev@huffingtonpost.com,Male
Becka,bmummew@ifeng.com,Female
Kalvin,ktomlinex@histats.com,Male
Trudy,tstockingey@indiatimes.com,Female
Marshal,mroswarneez@wikispaces.com,Male
Kirsti,kdeboldf0@noaa.gov,Female
Gregory,gbristonf1@washington.edu,Male
Neysa,nfosherf2@imdb.com,Female
Billie,bsissf3@over-blog.com,Male
Glynn,gfayerf4@nyu.edu,Male
Alexio,abeachf5@artisteer.com,Male
Gorden,gdaileyf6@1688.com,Male
Gardner,gnethercliftf7@sakura.ne.jp,Male
Belicia,blaverickf8@msn.com,Female
Adolpho,ahuntallf9@cnn.com,Male
Elisabeth,ehamefa@sfgate.com,Female
Rick,rdyblefb@google.com,Male
Malena,mmounceyfc@squarespace.com,Female
Stormie,schidleyfd@miibeian.gov.cn,Female
Dino,dsheardfe@ftc.gov,Male
Sharlene,sspawforthff@storify.com,Female
Joaquin,jkillbyfg@netvibes.com,Male
Veronique,vfarquharfh@hp.com,Female
Barbette,bduligalfi@mtv.com,Female
Turner,ttrebilcockfj@bizjournals.com,Male
Bucky,braimbauldfk@theglobeandmail.com,Male
Nana,ndartefl@barnesandnoble.com,Female
Oswell,odiglinfm@army.mil,Male
Griffith,gmellonbyfn@friendfeed.com,Male
Heda,hcopseyfo@nyu.edu,Female
Jarrid,jdeveyfp@privacy.gov.au,Male
Roberto,rwaithfq@ox.ac.uk,Male
Ody,obrumblefr@eventbrite.com,Male
Ricky,rpashefs@dailymotion.com,Female
Fawne,fmedlarft@macromedia.com,Female
Clio,cfieldersfu@behance.net,Female
Nikita,ngaynesfv@desdev.cn,Male
Dominica,dwilmorefw@mapquest.com,Female
Allyce,abernierfx@moonfruit.com,Female
Alix,adrinanfy@sitemeter.com,Female
Karoly,kgrimmolbyfz@cafepress.com,Male
Marlee,mvickorsg0@spotify.com,Female
Benyamin,bmatschkeg1@foxnews.com,Male
Celka,ctrouelg2@chronoengine.com,Female
Edouard,emarkelg3@utexas.edu,Male
Hector,halderg4@livejournal.com,Male
Shir,sboulgerg5@cdc.gov,Female
Ingrid,idenizetg6@redcross.org,Female
Baxter,bsailorg7@yellowpages.com,Male
Dorthea,dwindrusg8@java.com,Female
Bryon,bardrong9@washingtonpost.com,Male
Brittney,bchomiszewskiga@oracle.com,Female
Charline,cdalliwatergb@shutterfly.com,Female
Joan,jbransgrovegc@netlog.com,Female
Audie,acolcuttgd@1und1.de,Female
Clemmie,clehouxge@businesswire.com,Male
Quillan,qayresgf@sohu.com,Male
Cleopatra,cdwellinggg@histats.com,Female
Salome,swestellgh@wordpress.org,Female
Lianna,livimeygi@dmoz.org,Female
Urson,urobbeygj@apple.com,Male
Alameda,aalenichicovgk@xing.com,Female
Madelle,maxcellgl@wufoo.com,Female
Diarmid,dleathwoodgm@hp.com,Male
Lynelle,ldevittgn@miitbeian.gov.cn,Female
Mallissa,myousongo@smh.com.au,Female
Culley,cpeckhamgp@alexa.com,Male
Lucienne,llathayegq@joomla.org,Female
Barrie,bclevegr@cpanel.net,Male
Bastian,byappgs@so-net.ne.jp,Male
Sandie,ssessergt@ebay.co.uk,Female
Angelico,agilbertgu@dedecms.com,Male
Mead,mcassegv@altervista.org,Female
Genni,gfoatgw@nifty.com,Female
Woodrow,wwainmangx@friendfeed.com,Male
Philomena,pcremingy@squidoo.com,Female
Kalvin,kalgargz@networksolutions.com,Male
Karney,kstearnesh0@blogs.com,Male
Reider,rpetticrewh1@scientificamerican.com,Male
Leroy,latkynsh2@latimes.com,Male
Tom,tocurriganh3@nps.gov,Male
Baldwin,bmalbonh4@w3.org,Male
Claudius,cgreenheadh5@google.co.uk,Male
Sky,sknokh6@dion.ne.jp,Male
Ingunna,ibecclesh7@linkedin.com,Female
Sharia,sjuryh8@cnbc.com,Female
Maynard,mfealyh9@wordpress.org,Male
Arielle,adevonsideha@msu.edu,Female
Geoffry,gbetterisshb@unesco.org,Male
Marve,mcristoforihc@cdbaby.com,Male
Rosamond,rfoundshd@php.net,Female
Malinda,mpapehe@deviantart.com,Female
Hamish,helthf@imgur.com,Male
Cheston,cmilberryhg@independent.co.uk,Male
Ruprecht,rgehringhh@feedburner.com,Male
Des,dfrapehi@pbs.org,Male
Barbabas,bmallabonhj@odnoklassniki.ru,Male
Saunder,scorkishhk@amazonaws.com,Male
Andy,acottyhl@dagondesign.com,Male
Ryann,rmarkeyhm@jigsy.com,Female
Philip,pmcnuffhn@lycos.com,Male
Netta,ndonisiho@taobao.com,Female
Bartel,bbonnerhp@blinklist.com,Male
Tansy,tkillimisterhq@posterous.com,Female
Marten,mewdalehr@cargocollective.com,Male
Julina,jlambertihs@seesaa.net,Female
Gwendolen,gbirkbeckht@businesswire.com,Female
Janifer,jfearneleyhu@cbslocal.com,Female
Bunny,bboissierhv@umn.edu,Female
Martynne,mbullierhw@friendfeed.com,Female
Garth,gcarlucciohx@exblog.jp,Male
Nevil,naddlestonehy@apache.org,Male
Joyous,joskehanhz@mozilla.com,Female
Win,wjakubovskii0@usgs.gov,Male
Wells,wdullinghami1@answers.com,Male
Hynda,hgreweri2@so-net.ne.jp,Female
Holden,hweedalli3@jigsy.com,Male
Camille,cvanderveldti4@state.gov,Female
Joanna,jsaphini5@ustream.tv,Female
Saleem,skobai6@wufoo.com,Male
Caron,cyakebovichi7@opera.com,Female
Sabina,sceresai8@answers.com,Female
Gweneth,gbaksteri9@smugmug.com,Female
Kareem,ksoppia@instagram.com,Male
Codi,chamlinib@java.com,Female
Julina,jmacalpyneic@bbc.co.uk,Female
Kippar,kgloverid@craigslist.org,Male
Klaus,kdelacroixie@illinois.edu,Male
Hesther,hyoselevitchif@scientificamerican.com,Female
Corella,cdungeyig@wikipedia.org,Female
Cornie,cdescroixih@economist.com,Male
Niels,ndomengetii@dyndns.org,Male
Spike,sgalierij@psu.edu,Male
Ted,tkirkbrightik@biblegateway.com,Male
Olympie,otroutil@indiegogo.com,Female
Matty,mwaightim@feedburner.com,Male
Mellisent,mbarthramin@answers.com,Female
Arvin,aficeio@acquirethisname.com,Male
Arley,astolzip@google.fr,Male
Kelsy,kwinspeareiq@sun.com,Female
Jeramey,jkuhnhardtir@goo.ne.jp,Male
Veriee,vbielefeldis@sakura.ne.jp,Female
Delmor,dgibbiesonit@theatlantic.com,Male
Neysa,nrosenstengeliu@bigcartel.com,Female
Camel,csingyardiv@symantec.com,Female
Skye,ssmetouniw@scribd.com,Male
Stormi,seannettaix@ucoz.ru,Female
Alanson,ahallewelliy@reverbnation.com,Male
Gerek,gkieltiz@harvard.edu,Male
Opalina,omongainj0@phpbb.com,Female
Alastair,aleekj1@sakura.ne.jp,Male
Trip,tbinghamj2@addthis.com,Male
Pedro,ptriggelj3@bbc.co.uk,Male
Florie,fwoosterj4@issuu.com,Female
Raleigh,rpellissierj5@mit.edu,Male
Dalenna,dbettj6@rambler.ru,Female
Court,cpietruszkaj7@ehow.com,Male
Larry,lkinnanej8@amazon.co.uk,Male
Booth,bpipesj9@google.ca,Male
Marcelia,mordeltja@apache.org,Female
Sylvia,sbochjb@wunderground.com,Female
Conrad,cwindlejc@businesswire.com,Male
Rayner,rchildejd@slashdot.org,Male
Aeriell,asapsedje@livejournal.com,Female
Bendix,bshortjf@virginia.edu,Male
Marielle,mpeglerjg@usda.gov,Female
Sigfried,sburnappjh@smugmug.com,Male
Addie,abadderji@theglobeandmail.com,Female
Wye,wgreenheadjj@google.com.hk,Male
Kit,kbowrajk@boston.com,Male
Goldia,gwoolnoughjl@omniture.com,Female
Katherine,kjosiahjm@chicagotribune.com,Female
Wilhelm,wjandajn@noaa.gov,Male
Rozele,rharrowingjo@shinystat.com,Female
Hayyim,hgriswoodjp@sourceforge.net,Male
Carlota,cgreevesonjq@craigslist.org,Female
Justinian,jcusworthjr@army.mil,Male
Adham,awicksjs@creativecommons.org,Male
Arleta,aoldlandjt@arizona.edu,Female
Nadiya,nyirrellju@rakuten.co.jp,Female
Aldus,ahechlinjv@twitter.com,Male
Vinni,vgravesjw@europa.eu,Female
Zared,zlambshinejx@hud.gov,Male
Eleanor,ehorribinejy@nih.gov,Female
Maximilianus,mgrinstedjz@jalbum.net,Male
Micheil,mdellortok0@chronoengine.com,Male
Tabatha,tcolbridgek1@twitter.com,Female
Fey,fstallworthyk2@de.vu,Female
Marion,mvoulesk3@4shared.com,Male
Mohandas,mgalliverk4@bloomberg.com,Male
Artus,achealesk5@jugem.jp,Male
Merrick,mrendbaekk6@mediafire.com,Male
Briney,bweatherellk7@berkeley.edu,Female
Sasha,spinork8@hc360.com,Female
Fayette,fphinnisk9@1und1.de,Female
Orbadiah,opahlka@pcworld.com,Male
Kesley,kgenckekb@xing.com,Female
Coriss,cboxhallkc@sciencedaily.com,Female
Hamnet,hblurtonkd@smh.com.au,Male
Morly,mmcgreyke@istockphoto.com,Male
Inglis,iduligallkf@ovh.net,Male
Donnie,dfeldonkg@exblog.jp,Male
Brooke,bkilnkh@mayoclinic.com,Male
Mame,molsenki@hud.gov,Female
Donnajean,dcrummykj@opensource.org,Female
Corenda,cmcquilliamkk@msn.com,Female
Fabe,florenckl@unicef.org,Male
Moll,mmixerkm@icq.com,Female
Philly,pdrinkallkn@sakura.ne.jp,Female
Caritta,cferroneko@slate.com,Female
Bridgette,bmcphelimykp@github.com,Female
Remington,rmcmillankq@squidoo.com,Male
Nickola,ntabourkr@irs.gov,Male
Chiquia,clazarks@1und1.de,Female
Boonie,bhovingtonkt@meetup.com,Male
Lorena,lslowgraveku@wunderground.com,Female
Toddy,tcuncliffekv@yandex.ru,Male
Derwin,dswadenkw@xrea.com,Male
Kleon,kdallynkx@shinystat.com,Male
Kellie,knorganky@studiopress.com,Female
Lindy,lbauldrykz@wsj.com,Male
Lefty,lverbekel0@ask.com,Male
Raimundo,rgleesonl1@wisc.edu,Male
Bibi,btipladyl2@tmall.com,Female
Emmaline,ehavocl3@cocolog-nifty.com,Female
Humberto,hbreukelmanl4@baidu.com,Male
Nye,nvelezl5@pinterest.com,Male
Jarib,jjeannardl6@marriott.com,Male
Trixi,ttesimonl7@theguardian.com,Female
Westbrook,wvanarsdalll8@opensource.org,Male
Colman,chanscombel9@msn.com,Male
Winslow,wmeneuxla@networkadvertising.org,Male
Burtie,btullylb@squarespace.com,Male
Ashlan,arobertslc@parallels.com,Female
Ruprecht,rbowenld@w3.org,Male
Ulrick,ujeandonle@wisc.edu,Male
Giavani,geicklf@odnoklassniki.ru,Male
Lemmie,lcamamilelg@pen.io,Male
Valentine,vgiffinlh@mlb.com,Male
Pieter,pnardrupli@biblegateway.com,Male
Gregorio,gcapitanolj@1688.com,Male
Jillene,jgallacciolk@vimeo.com,Female
Gabriela,gmccoishll@bbc.co.uk,Female
Zackariah,zkernocklm@ft.com,Male
Ulrika,ulaveryln@jimdo.com,Female
Paddie,pbohinlo@yahoo.com,Male
Arabelle,astoadlp@github.io,Female
Daisi,dgommeslq@yolasite.com,Female
Blakeley,bmousleylr@github.io,Female
Wayne,whoffls@shop-pro.jp,Male
Ddene,dclearylt@ft.com,Female
Patrizio,pmacscherielu@is.gd,Male
Sidney,slindeloflv@timesonline.co.uk,Male
Polly,pkelstonlw@tinypic.com,Female
Cornelia,clynocklx@google.cn,Female
Joline,jpiburnly@cdbaby.com,Female
Maurene,myaninlz@goodreads.com,Female
Hagan,hmeachm0@odnoklassniki.ru,Male
Allissa,aridehalghm1@earthlink.net,Female
Karlie,khonischm2@berkeley.edu,Female
Rutledge,rgibbym3@soup.io,Male
Randolf,rrudeyeardm4@feedburner.com,Male
Dory,dstainburnm5@buzzfeed.com,Male
Sherwin,sgoldsterm6@issuu.com,Male
Isa,itompionm7@slate.com,Male
Moore,mchadwyckm8@paypal.com,Male
Collete,cbibbiem9@etsy.com,Female
Koralle,kpocklingtonma@hatena.ne.jp,Female
Norman,nbrozmb@nymag.com,Male
Bernette,bpippardmc@harvard.edu,Female
Laird,lnoonemd@ovh.net,Male
Dev,dgeorgerme@canalblog.com,Male
Budd,bwestleymf@opera.com,Male
Cosimo,cfashionmg@furl.net,Male
Pryce,pkarchewskimh@histats.com,Male
Ibrahim,imanesmi@godaddy.com,Male
Ronny,rsivemj@prlog.org,Female
Rolf,rpresnellmk@mit.edu,Male
Krystal,khuckerbeml@rambler.ru,Female
Romeo,rhampsonmm@tumblr.com,Male
Cleon,ccopesmn@soundcloud.com,Male
Dino,dpawlynmo@privacy.gov.au,Male
Bone,bbulloughmp@intel.com,Male
Melli,msimsmq@hexun.com,Female
Lucila,laistropmr@dagondesign.com,Female
Zane,zdonohoems@sciencedaily.com,Male
Bronny,bchazottemt@cnet.com,Male
Danny,dgrowdenmu@geocities.jp,Female
Nicolis,nbellochtmv@bigcartel.com,Male
Kipper,ktaggertymw@tripadvisor.com,Male
Burr,bhasemanmx@php.net,Male
Pooh,plaffertymy@list-manage.com,Female
Walsh,whouldcroftmz@desdev.cn,Male
Rodger,rworsfoldn0@networksolutions.com,Male
Blair,bpurkinsn1@unblog.fr,Female
Mar,mhugkn2@nifty.com,Male
Dinny,dholsalln3@forbes.com,Female
Denni,dcrankn4@rambler.ru,Female
Olin,owalmsleyn5@wikia.com,Male
Fina,fpowysn6@columbia.edu,Female
Urbain,usmallshawn7@amazon.de,Male
Jehu,jdavidin8@irs.gov,Male
Augie,ainglisn9@goo.ne.jp,Male
Cordi,cborresna@senate.gov,Female
Archibaldo,agerynb@bloomberg.com,Male
Vonny,vshuttellnc@nhs.uk,Female
Brad,bbrenstonnd@slashdot.org,Male
Vale,vboyackne@prlog.org,Male
Virginie,viannettinf@linkedin.com,Female
Edita,esyversenng@jigsy.com,Female
Sutherland,sbalkwillnh@engadget.com,Male
Norry,nstarsmeareni@theatlantic.com,Male
Catharina,cpenkmannj@histats.com,Female
Amalea,ahandmorenk@illinois.edu,Female
Corrie,cmounchnl@lycos.com,Female
Robbin,rducastelnm@jugem.jp,Female
Gherardo,gcrosinn@msu.edu,Male
Nellie,norrobinno@studiopress.com,Female
Marybeth,mseelernp@youku.com,Female
Burg,bjovanovicnq@feedburner.com,Male
Skylar,smorefieldnr@admin.ch,Male
Maury,mjoninns@gov.uk,Male
Helge,hhefnernt@so-net.ne.jp,Female
Annetta,atonbridgenu@bigcartel.com,Female
Bearnard,bsimpkissnv@1688.com,Male
Kerstin,klonghornnw@mac.com,Female
Ichabod,iwitseynx@columbia.edu,Male
Pace,plittleproudny@dedecms.com,Male
Emlen,egaddesbynz@exblog.jp,Male
Heinrik,hbuglaro0@mail.ru,Male
Joellen,jmcallano1@businessinsider.com,Female
Durward,dgiovannardio2@google.de,Male
Isabelita,ipencosto3@weather.com,Female
Bengt,bmacpharlaino4@rediff.com,Male
Midge,mmaymando5@google.co.jp,Female
Nichols,nbritiano6@icq.com,Male
Mary,marnello7@prlog.org,Female
Carine,chebbrono8@goo.gl,Female
Randie,rhaytho9@un.org,Female
Allsun,astollenbeckeroa@shareasale.com,Female
Jenelle,jfitchetob@hud.gov,Female
Nat,nrabjohnoc@oracle.com,Female
Angus,ajakubowiczod@mayoclinic.com,Male
Giustina,gcreeghanoe@ocn.ne.jp,Female
Farr,fillyesof@weibo.com,Male
Danice,dcotheyog@comcast.net,Female
Zolly,zpressoh@shinystat.com,Male
Nevil,ndecarlooi@blogs.com,Male
Abbye,ageaneyoj@ftc.gov,Female
Kara,kblankleyok@nps.gov,Female
Tucker,tciobutaruol@google.co.uk,Male
Lanny,llethebridgeom@instagram.com,Male
Marcela,mepletton@dyndns.org,Female
Angy,acornishoo@prlog.org,Female
Lenora,lderocheop@linkedin.com,Female
Fulvia,fpalleyoq@go.com,Female
Lauritz,ljeanninor@artisteer.com,Male
Eddie,estampsos@epa.gov,Female
Eyde,ehinkesot@apple.com,Female
Tabbatha,teathorneou@behance.net,Female
Peter,pprestigeov@macromedia.com,Male
Herta,hscraneow@engadget.com,Female
Rabi,rrouchox@hexun.com,Male
Lucille,losuairdoy@auda.org.au,Female
Marylou,mkorousoz@census.gov,Female
Lorry,ljurkiewiczp0@goo.gl,Female
Karen,kwinterbottomp1@gravatar.com,Female
Papageno,pbahlsp2@europa.eu,Male
Kristan,kleblancp3@wordpress.com,Female
Verene,vmandellp4@java.com,Female
Rebecka,rmcgeechanp5@goodreads.com,Female
Wilfrid,wgannicleffp6@wikipedia.org,Male
Karoline,kbuerp7@cdc.gov,Female
Wilbur,wensorp8@google.nl,Male
Fabiano,fbawdonp9@microsoft.com,Male
Deidre,dhastewellpa@squidoo.com,Female
Judas,jcamellipb@parallels.com,Male
Svend,sderringtonpc@youku.com,Male
Ax,aheadfordpd@sina.com.cn,Male
Marleah,mshorthousepe@comsenz.com,Female
Sorcha,sstuttmanpf@artisteer.com,Female
Annelise,afaithfullpg@omniture.com,Female
Sibbie,skynsonph@blinklist.com,Female
Eb,ehoulistonpi@tuttocitta.it,Male
Eddy,eswindallpj@arstechnica.com,Male
Malissa,mklimkinpk@example.com,Female
Morry,mdambrosiopl@tripod.com,Male
Orion,odevinepm@netvibes.com,Male
Angeline,amckertonpn@etsy.com,Female
Coreen,cfarncombpo@odnoklassniki.ru,Female
Harrison,hbanaszczykpp@ibm.com,Male
Margalo,mbinesteadpq@google.com,Female
Bearnard,bregopr@spiegel.de,Male
Faun,fbidderps@123-reg.co.uk,Female
Terra,tlettucept@wired.com,Female
Bobbie,belwoodpu@w3.org,Female
Henrietta,hmcgillivriepv@quantcast.com,Female
Loreen,lantoinetpw@t-online.de,Female
Paule,pswainpx@ibm.com,Female
Tremain,tmacgownpy@telegraph.co.uk,Male
Hayley,hbauspz@typepad.com,Female
Hagan,hsaylesq0@macromedia.com,Male
Loella,lcoldhamq1@cafepress.com,Female
Karmen,kkieldq2@wp.com,Female
Aldis,apurseloweq3@unc.edu,Male
Charmion,cwinearq4@globo.com,Female
Joshia,jlinkeq5@salon.com,Male
Gordan,gthurbornq6@arizona.edu,Male
Hussein,hpretsellq7@yellowpages.com,Male
Marketa,mcoasterq8@mayoclinic.com,Female
Laney,lbruinemannq9@phpbb.com,Female
Hilary,hbettlestoneqa@unesco.org,Male
Kinsley,kgangeqb@disqus.com,Male
Ryann,rclaibournqc@jimdo.com,Female
Morton,mcleyneqd@cbslocal.com,Male
Seth,sthowqe@washingtonpost.com,Male
Glori,gmccoidqf@godaddy.com,Female
Lanny,lsidnellqg@sogou.com,Female
Jordan,jblencoeqh@toplist.cz,Male
Rice,rtupieqi@house.gov,Male
Janot,jquinnellqj@google.ca,Female
Randee,rryhorovichqk@paginegialle.it,Female
Johnathon,jgaucheql@mail.ru,Male
Lovell,lvuittetqm@wix.com,Male
Kaiser,kgrishaevqn@sciencedaily.com,Male
Lowrance,lfernqo@hao123.com,Male
Raphaela,rnoldaqp@joomla.org,Female
Niles,njohnceyqq@lulu.com,Male
Niki,nmcfadinqr@nyu.edu,Male
Daryl,dbrauneqs@desdev.cn,Male
Devy,dmackartanqt@columbia.edu,Male
Thomasa,tcolebyqu@networkadvertising.org,Female
Micah,mmicheuqv@webmd.com,Male
Hastie,hdeackesqw@unesco.org,Male
Wolfy,wreynaldsqx@paginegialle.it,Male
Virgie,vhantuschqy@state.gov,Male
Florenza,ffullqz@baidu.com,Female
Paton,ppapisr0@weibo.com,Male
Pasquale,ppoulterr1@wsj.com,Male
Muire,mvasilikr2@digg.com,Female
Jeffie,jrhucroftr3@ox.ac.uk,Male
Daria,dsheafr4@devhub.com,Female
Malory,mtrewinnardr5@cam.ac.uk,Female
Pepi,pmaynellr6@livejournal.com,Female
Maxine,mbrannir7@smh.com.au,Female
Pattie,pgammier8@homestead.com,Male
Hilly,hpilcherr9@who.int,Male
Blaine,blasslettra@nydailynews.com,Male
Lotti,lolwenrb@lulu.com,Female
Barbabra,bcamamilerc@com.com,Female
Cary,ceynaldrd@paypal.com,Male
Felipa,fransfieldre@dropbox.com,Female
Hailey,hjozsarf@wikimedia.org,Male
Ellie,ebooirg@accuweather.com,Female
Kirby,kjerromerh@nhs.uk,Female
Tomaso,thurdedgeri@bluehost.com,Male
Raynell,rcawthornrj@youku.com,Female
Ichabod,iguerrerk@seattletimes.com,Male
Findley,fhalsworthrl@admin.ch,Male
Rolfe,rkorbarm@google.co.uk,Male
Mickie,mberkelyrn@wufoo.com,Male
Alasdair,aplailro@ifeng.com,Male
Trisha,tblanpeinrp@spiegel.de,Female
Nicky,nczajarq@scientificamerican.com,Male
Guglielmo,gcaterrr@linkedin.com,Male
